{"carName":"amr_v8_vantage_gt3","basicSetup":{"tyres":{"tyreCompound":0,"tyrePressure":[64,58,60,56]},"alignment":{"camber":[0,0,0,0],"toe":[0,0,0,0],"staticCamber":[-5.567195415496826,-5.570220947265625,-5.349666118621826,-5.352809429168701],"toeOutLinear":[0.0008141932776197791,0.0008141949656419456,-0.0009168037795461714,-0.0009168026153929532],"casterLF":30,"casterRF":30,"steerRatio":0},"electronics":{"tC1":3,"tC2":8,"abs":4,"eCUMap":0,"fuelMix":0,"telemetryLaps":5},"strategy":{"fuel":107,"nPitStops":0,"tyreSet":8,"frontBrakePadCompound":1,"rearBrakePadCompound":1,"pitStrategy":[{"fuelToAdd":105,"tyres":{"tyreCompound":0,"tyrePressure":[56,55,59,58]},"tyreSet":24,"frontBrakePadCompound":1,"rearBrakePadCompound":1},{"fuelToAdd":97,"tyres":{"tyreCompound":1,"tyrePressure":[67,67,67,67]},"tyreSet":0,"frontBrakePadCompound":1,"rearBrakePadCompound":1},{"fuelToAdd":30,"tyres":{"tyreCompound":0,"tyrePressure":[81,82,73,74]},"tyreSet":24,"frontBrakePadCompound":0,"rearBrakePadCompound":0},{"fuelToAdd":30,"tyres":{"tyreCompound":0,"tyrePressure":[92,93,84,85]},"tyreSet":24,"frontBrakePadCompound":0,"rearBrakePadCompound":0},{"fuelToAdd":30,"tyres":{"tyreCompound":0,"tyrePressure":[96,97,88,89]},"tyreSet":24,"frontBrakePadCompound":0,"rearBrakePadCompound":0},{"fuelToAdd":30,"tyres":{"tyreCompound":1,"tyrePressure":[39,40,31,32]},"tyreSet":24,"frontBrakePadCompound":0,"rearBrakePadCompound":0},{"fuelToAdd":30,"tyres":{"tyreCompound":1,"tyrePressure":[47,48,39,40]},"tyreSet":24,"frontBrakePadCompound":0,"rearBrakePadCompound":0},{"fuelToAdd":30,"tyres":{"tyreCompound":1,"tyrePressure":[57,58,49,50]},"tyreSet":24,"frontBrakePadCompound":0,"rearBrakePadCompound":0},{"fuelToAdd":30,"tyres":{"tyreCompound":1,"tyrePressure":[67,68,59,60]},"tyreSet":24,"frontBrakePadCompound":0,"rearBrakePadCompound":0},{"fuelToAdd":0,"tyres":{"tyreCompound":0,"tyrePressure":[52,52,53,53]},"tyreSet":2,"frontBrakePadCompound":0,"rearBrakePadCompound":0},{"fuelToAdd":0,"tyres":{"tyreCompound":0,"tyrePressure":[52,52,53,53]},"tyreSet":2,"frontBrakePadCompound":0,"rearBrakePadCompound":0},{"fuelToAdd":0,"tyres":{"tyreCompound":0,"tyrePressure":[52,52,53,53]},"tyreSet":2,"frontBrakePadCompound":0,"rearBrakePadCompound":0},{"fuelToAdd":0,"tyres":{"tyreCompound":0,"tyrePressure":[52,52,53,53]},"tyreSet":2,"frontBrakePadCompound":0,"rearBrakePadCompound":0},{"fuelToAdd":0,"tyres":{"tyreCompound":0,"tyrePressure":[52,52,53,53]},"tyreSet":2,"frontBrakePadCompound":0,"rearBrakePadCompound":0},{"fuelToAdd":0,"tyres":{"tyreCompound":0,"tyrePressure":[52,52,53,53]},"tyreSet":2,"frontBrakePadCompound":0,"rearBrakePadCompound":0},{"fuelToAdd":0,"tyres":{"tyreCompound":0,"tyrePressure":[52,52,53,53]},"tyreSet":2,"frontBrakePadCompound":0,"rearBrakePadCompound":0},{"fuelToAdd":0,"tyres":{"tyreCompound":0,"tyrePressure":[52,52,53,53]},"tyreSet":2,"frontBrakePadCompound":0,"rearBrakePadCompound":0},{"fuelToAdd":0,"tyres":{"tyreCompound":0,"tyrePressure":[52,52,53,53]},"tyreSet":2,"frontBrakePadCompound":0,"rearBrakePadCompound":0},{"fuelToAdd":0,"tyres":{"tyreCompound":0,"tyrePressure":[52,52,53,53]},"tyreSet":2,"frontBrakePadCompound":0,"rearBrakePadCompound":0},{"fuelToAdd":0,"tyres":{"tyreCompound":0,"tyrePressure":[52,52,53,53]},"tyreSet":2,"frontBrakePadCompound":0,"rearBrakePadCompound":0},{"fuelToAdd":0,"tyres":{"tyreCompound":0,"tyrePressure":[52,52,53,53]},"tyreSet":2,"frontBrakePadCompound":0,"rearBrakePadCompound":0},{"fuelToAdd":0,"tyres":{"tyreCompound":0,"tyrePressure":[52,52,53,53]},"tyreSet":2,"frontBrakePadCompound":0,"rearBrakePadCompound":0},{"fuelToAdd":0,"tyres":{"tyreCompound":0,"tyrePressure":[52,52,53,53]},"tyreSet":2,"frontBrakePadCompound":0,"rearBrakePadCompound":0},{"fuelToAdd":0,"tyres":{"tyreCompound":0,"tyrePressure":[52,52,53,53]},"tyreSet":2,"frontBrakePadCompound":0,"rearBrakePadCompound":0},{"fuelToAdd":0,"tyres":{"tyreCompound":0,"tyrePressure":[52,52,53,53]},"tyreSet":2,"frontBrakePadCompound":0,"rearBrakePadCompound":0},{"fuelToAdd":0,"tyres":{"tyreCompound":0,"tyrePressure":[52,52,53,53]},"tyreSet":2,"frontBrakePadCompound":0,"rearBrakePadCompound":0},{"fuelToAdd":0,"tyres":{"tyreCompound":0,"tyrePressure":[52,52,53,53]},"tyreSet":2,"frontBrakePadCompound":0,"rearBrakePadCompound":0},{"fuelToAdd":0,"tyres":{"tyreCompound":0,"tyrePressure":[52,52,53,53]},"tyreSet":2,"frontBrakePadCompound":0,"rearBrakePadCompound":0},{"fuelToAdd":0,"tyres":{"tyreCompound":0,"tyrePressure":[52,52,53,53]},"tyreSet":2,"frontBrakePadCompound":0,"rearBrakePadCompound":0},{"fuelToAdd":0,"tyres":{"tyreCompound":0,"tyrePressure":[52,52,53,53]},"tyreSet":2,"frontBrakePadCompound":0,"rearBrakePadCompound":0}],"fuelPerLap":2.864964723587036}},"advancedSetup":{"mechanicalBalance":{"aRBFront":4,"aRBRear":5,"wheelRate":[2,2,3,3],"bumpStopRateUp":[5,5,4,4],"bumpStopRateDn":[0,0,10,10],"bumpStopWindow":[5,5,3,3],"brakeTorque":20,"brakeBias":14},"dampers":{"bumpSlow":[5,5,5,5],"bumpFast":[16,16,12,12],"reboundSlow":[31,31,29,29],"reboundFast":[24,24,21,21]},"aeroBalance":{"rideHeight":[3,6,29,18],"rodLength":[63.674774169921875,63.674774169921875,78.98085021972656,78.98085021972656],"splitter":0,"rearWing":10,"brakeDuct":[4,4]},"drivetrain":{"preload":20}},"trackBopType":27}