{"carName":"amr_v8_vantage_gt3","basicSetup":{"tyres":{"tyreCompound":0,"tyrePressure":[64,58,60,56]},"alignment":{"camber":[0,0,0,0],"toe":[0,0,0,0],"staticCamber":[-5.562999248504639,-5.565957069396973,-5.270846366882324,-5.273769378662109],"toeOutLinear":[0.0008140222053043544,0.0008140254649333656,-0.0009212709264829755,-0.0009212663862854242],"casterLF":30,"casterRF":30,"steerRatio":0},"electronics":{"tC1":3,"tC2":8,"abs":4,"eCUMap":0,"fuelMix":0,"telemetryLaps":5},"strategy":{"fuel":14,"nPitStops":0,"tyreSet":14,"frontBrakePadCompound":0,"rearBrakePadCompound":0,"pitStrategy":[{"fuelToAdd":105,"tyres":{"tyreCompound":0,"tyrePressure":[56,55,59,58]},"tyreSet":24,"frontBrakePadCompound":1,"rearBrakePadCompound":1},{"fuelToAdd":97,"tyres":{"tyreCompound":1,"tyrePressure":[67,67,67,67]},"tyreSet":0,"frontBrakePadCompound":1,"rearBrakePadCompound":1},{"fuelToAdd":30,"tyres":{"tyreCompound":0,"tyrePressure":[81,82,73,74]},"tyreSet":24,"frontBrakePadCompound":0,"rearBrakePadCompound":0},{"fuelToAdd":30,"tyres":{"tyreCompound":0,"tyrePressure":[92,93,84,85]},"tyreSet":24,"frontBrakePadCompound":0,"rearBrakePadCompound":0},{"fuelToAdd":30,"tyres":{"tyreCompound":0,"tyrePressure":[96,97,88,89]},"tyreSet":24,"frontBrakePadCompound":0,"rearBrakePadCompound":0},{"fuelToAdd":30,"tyres":{"tyreCompound":1,"tyrePressure":[39,40,31,32]},"tyreSet":24,"frontBrakePadCompound":0,"rearBrakePadCompound":0},{"fuelToAdd":30,"tyres":{"tyreCompound":1,"tyrePressure":[47,48,39,40]},"tyreSet":24,"frontBrakePadCompound":0,"rearBrakePadCompound":0},{"fuelToAdd":30,"tyres":{"tyreCompound":1,"tyrePressure":[57,58,49,50]},"tyreSet":24,"frontBrakePadCompound":0,"rearBrakePadCompound":0},{"fuelToAdd":30,"tyres":{"tyreCompound":1,"tyrePressure":[67,68,59,60]},"tyreSet":24,"frontBrakePadCompound":0,"rearBrakePadCompound":0},{"fuelToAdd":0,"tyres":{"tyreCompound":0,"tyrePressure":[52,52,53,53]},"tyreSet":2,"frontBrakePadCompound":0,"rearBrakePadCompound":0},{"fuelToAdd":0,"tyres":{"tyreCompound":0,"tyrePressure":[52,52,53,53]},"tyreSet":2,"frontBrakePadCompound":0,"rearBrakePadCompound":0},{"fuelToAdd":0,"tyres":{"tyreCompound":0,"tyrePressure":[52,52,53,53]},"tyreSet":2,"frontBrakePadCompound":0,"rearBrakePadCompound":0},{"fuelToAdd":0,"tyres":{"tyreCompound":0,"tyrePressure":[52,52,53,53]},"tyreSet":2,"frontBrakePadCompound":0,"rearBrakePadCompound":0},{"fuelToAdd":0,"tyres":{"tyreCompound":0,"tyrePressure":[52,52,53,53]},"tyreSet":2,"frontBrakePadCompound":0,"rearBrakePadCompound":0},{"fuelToAdd":0,"tyres":{"tyreCompound":0,"tyrePressure":[52,52,53,53]},"tyreSet":2,"frontBrakePadCompound":0,"rearBrakePadCompound":0},{"fuelToAdd":0,"tyres":{"tyreCompound":0,"tyrePressure":[52,52,53,53]},"tyreSet":2,"frontBrakePadCompound":0,"rearBrakePadCompound":0},{"fuelToAdd":0,"tyres":{"tyreCompound":0,"tyrePressure":[52,52,53,53]},"tyreSet":2,"frontBrakePadCompound":0,"rearBrakePadCompound":0},{"fuelToAdd":0,"tyres":{"tyreCompound":0,"tyrePressure":[52,52,53,53]},"tyreSet":2,"frontBrakePadCompound":0,"rearBrakePadCompound":0},{"fuelToAdd":0,"tyres":{"tyreCompound":0,"tyrePressure":[52,52,53,53]},"tyreSet":2,"frontBrakePadCompound":0,"rearBrakePadCompound":0},{"fuelToAdd":0,"tyres":{"tyreCompound":0,"tyrePressure":[52,52,53,53]},"tyreSet":2,"frontBrakePadCompound":0,"rearBrakePadCompound":0},{"fuelToAdd":0,"tyres":{"tyreCompound":0,"tyrePressure":[52,52,53,53]},"tyreSet":2,"frontBrakePadCompound":0,"rearBrakePadCompound":0},{"fuelToAdd":0,"tyres":{"tyreCompound":0,"tyrePressure":[52,52,53,53]},"tyreSet":2,"frontBrakePadCompound":0,"rearBrakePadCompound":0},{"fuelToAdd":0,"tyres":{"tyreCompound":0,"tyrePressure":[52,52,53,53]},"tyreSet":2,"frontBrakePadCompound":0,"rearBrakePadCompound":0},{"fuelToAdd":0,"tyres":{"tyreCompound":0,"tyrePressure":[52,52,53,53]},"tyreSet":2,"frontBrakePadCompound":0,"rearBrakePadCompound":0},{"fuelToAdd":0,"tyres":{"tyreCompound":0,"tyrePressure":[52,52,53,53]},"tyreSet":2,"frontBrakePadCompound":0,"rearBrakePadCompound":0},{"fuelToAdd":0,"tyres":{"tyreCompound":0,"tyrePressure":[52,52,53,53]},"tyreSet":2,"frontBrakePadCompound":0,"rearBrakePadCompound":0},{"fuelToAdd":0,"tyres":{"tyreCompound":0,"tyrePressure":[52,52,53,53]},"tyreSet":2,"frontBrakePadCompound":0,"rearBrakePadCompound":0},{"fuelToAdd":0,"tyres":{"tyreCompound":0,"tyrePressure":[52,52,53,53]},"tyreSet":2,"frontBrakePadCompound":0,"rearBrakePadCompound":0},{"fuelToAdd":0,"tyres":{"tyreCompound":0,"tyrePressure":[52,52,53,53]},"tyreSet":2,"frontBrakePadCompound":0,"rearBrakePadCompound":0},{"fuelToAdd":0,"tyres":{"tyreCompound":0,"tyrePressure":[52,52,53,53]},"tyreSet":2,"frontBrakePadCompound":0,"rearBrakePadCompound":0}],"fuelPerLap":3}},"advancedSetup":{"mechanicalBalance":{"aRBFront":4,"aRBRear":5,"wheelRate":[2,2,4,4],"bumpStopRateUp":[5,5,4,4],"bumpStopRateDn":[0,0,10,10],"bumpStopWindow":[7,7,2,2],"brakeTorque":20,"brakeBias":13},"dampers":{"bumpSlow":[5,5,5,5],"bumpFast":[21,21,12,12],"reboundSlow":[31,31,29,29],"reboundFast":[24,24,17,17]},"aeroBalance":{"rideHeight":[3,6,26,18],"rodLength":[62.89133071899414,62.89133071899414,72.15640258789062,72.15640258789062],"splitter":0,"rearWing":10,"brakeDuct":[4,4]},"drivetrain":{"preload":18}},"trackBopType":27}